onset	duration	trial_type	value	sample
1818.0999999999997	0.0	seizure_onset	401	363620
1898.1599999999996	0.0	seizure_offset	402	379632
