onset	duration	trial_type	value	sample
1803.0899999999997	0.0	seizure_onset	401	360618
1885.3399999999997	0.0	seizure_offset	402	377068
